,age,sexual,file,success
0,adult,male,1002.jpg,False
1,adult,male,1024.jpg,True
2,adult,male,103.jpg,False
3,adult,male,1030.jpg,False
4,adult,male,1031.jpg,True
5,adult,male,1039.jpg,True
6,adult,male,1041.jpg,False
7,adult,male,1042.jpg,False
8,adult,male,1069.jpg,False
9,adult,male,1080.jpg,False
10,adult,male,1084.jpg,False
11,adult,male,1090.jpg,False
12,adult,male,1096.jpg,False
13,adult,male,110.jpg,False
14,adult,male,1100.jpg,False
15,adult,male,1101.jpg,False
16,adult,male,1108.jpg,True
17,adult,male,1112.jpg,False
18,adult,male,1113.jpg,False
19,adult,male,1115.jpg,False
20,adult,male,1123.jpg,False
21,adult,male,1124.jpg,False
22,adult,male,1129.jpg,False
23,adult,male,1130.jpg,False
24,adult,male,1131.jpg,False
25,adult,male,1134.jpg,False
26,adult,male,1137.jpg,False
27,adult,male,1139.jpg,False
28,adult,male,1142.jpg,True
29,adult,male,1152.jpg,False
30,adult,male,1164.jpg,False
31,adult,male,1171.jpg,False
32,adult,male,1174.jpg,False
33,adult,male,1176.jpg,False
34,adult,male,1179.jpg,False
35,adult,male,1185.jpg,False
36,adult,male,1194.jpg,False
37,adult,male,1195.jpg,False
38,adult,male,1197.jpg,False
39,adult,male,1204.jpg,False
40,adult,male,1207.jpg,False
41,adult,male,1218.jpg,False
42,adult,male,1235.jpg,False
43,adult,male,1238.jpg,False
44,adult,male,1251.jpg,False
45,adult,male,1254.jpg,False
46,adult,male,1277.jpg,False
47,adult,male,1279.jpg,False
48,adult,male,128.jpg,False
49,adult,male,1287.jpg,False
50,adult,male,1291.jpg,False
51,adult,male,1303.jpg,False
52,adult,male,1308.jpg,False
53,adult,male,131.jpg,True
54,adult,male,1316.jpg,False
55,adult,male,1319.jpg,True
56,adult,male,1326.jpg,False
57,adult,male,1337.jpg,False
58,adult,male,1342.jpg,False
59,adult,male,1349.jpg,False
60,adult,male,1351.jpg,False
61,adult,male,1355.jpg,False
62,adult,male,1361.jpg,False
63,adult,male,1368.jpg,True
64,adult,male,1372.jpg,True
65,adult,male,1375.jpg,True
66,adult,male,1385.jpg,False
67,adult,male,1386.jpg,False
68,adult,male,1387.jpg,False
69,adult,male,1393.jpg,False
70,adult,male,1409.jpg,False
71,adult,male,1417.jpg,False
72,adult,male,1419.jpg,False
73,adult,male,1421.jpg,False
74,adult,male,1433.jpg,False
75,adult,male,1453.jpg,True
76,adult,male,1458.jpg,False
77,adult,male,1463.jpg,False
78,adult,male,1464.jpg,False
79,adult,male,1469.jpg,False
80,adult,male,147.jpg,True
81,adult,male,1470.jpg,False
82,adult,male,1488.jpg,False
83,adult,male,1492.jpg,True
84,adult,male,1505.jpg,False
85,adult,male,1510.jpg,False
86,adult,male,1525.jpg,False
87,adult,male,1530.jpg,False
88,adult,male,1531.jpg,True
89,adult,male,1543.jpg,False
90,adult,male,1544.jpg,False
91,adult,male,155.jpg,False
92,adult,male,1552.jpg,False
93,adult,male,1560.jpg,False
94,adult,male,1561.jpg,False
95,adult,male,1570.jpg,False
96,adult,male,1571.jpg,True
97,adult,male,1572.jpg,False
98,adult,male,1582.jpg,False
99,adult,male,16.jpg,True
100,adult,male,161.jpg,True
101,adult,male,166.jpg,True
102,adult,male,168.jpg,False
103,adult,male,187.jpg,False
104,adult,male,188.jpg,False
105,adult,male,19.jpg,False
106,adult,male,197.jpg,False
107,adult,male,20.jpg,True
108,adult,male,200.jpg,False
109,adult,male,21.jpg,False
110,adult,male,212.jpg,False
111,adult,male,215.jpg,False
112,adult,male,22.jpg,False
113,adult,male,236.jpg,True
114,adult,male,245.jpg,True
115,adult,male,247.jpg,False
116,adult,male,248.jpg,False
117,adult,male,25.jpg,True
118,adult,male,27.jpg,False
119,adult,male,275.jpg,False
120,adult,male,28.jpg,False
121,adult,male,286.jpg,False
122,adult,male,290.jpg,True
123,adult,male,296.jpg,False
124,adult,male,302.jpg,False
125,adult,male,306.jpg,False
126,adult,male,307.jpg,False
127,adult,male,314.jpg,True
128,adult,male,318.jpg,False
129,adult,male,319.jpg,False
130,adult,male,321.jpg,False
131,adult,male,329.jpg,False
132,adult,male,330.jpg,False
133,adult,male,335.jpg,True
134,adult,male,336.jpg,False
135,adult,male,337.jpg,False
136,adult,male,340.jpg,False
137,adult,male,343.jpg,False
138,adult,male,345.jpg,False
139,adult,male,348.jpg,True
140,adult,male,358.jpg,False
141,adult,male,36.jpg,False
142,adult,male,377.jpg,False
143,adult,male,38.jpg,False
144,adult,male,382.jpg,False
145,adult,male,385.jpg,False
146,adult,male,391.jpg,False
147,adult,male,397.jpg,True
148,adult,male,400.jpg,False
149,adult,male,401.jpg,False
150,adult,male,403.jpg,False
151,adult,male,410.jpg,False
152,adult,male,42.jpg,False
153,adult,male,425.jpg,True
154,adult,male,441.jpg,False
155,adult,male,443.jpg,False
156,adult,male,444.jpg,False
157,adult,male,457.jpg,False
158,adult,male,459.jpg,False
159,adult,male,460.jpg,False
160,adult,male,483.jpg,False
161,adult,male,485.jpg,False
162,adult,male,497.jpg,True
163,adult,male,5.jpg,False
164,adult,male,50.jpg,False
165,adult,male,509.jpg,False
166,adult,male,532.jpg,False
167,adult,male,543.jpg,False
168,adult,male,548.jpg,False
169,adult,male,555.jpg,False
170,adult,male,557.jpg,False
171,adult,male,56.jpg,False
172,adult,male,561.jpg,False
173,adult,male,567.jpg,False
174,adult,male,571.jpg,False
175,adult,male,574.jpg,False
176,adult,male,580.jpg,False
177,adult,male,581.jpg,True
178,adult,male,591.jpg,False
179,adult,male,592.jpg,False
180,adult,male,599.jpg,True
181,adult,male,60.jpg,True
182,adult,male,615.jpg,False
183,adult,male,625.jpg,False
184,adult,male,627.jpg,False
185,adult,male,639.jpg,False
186,adult,male,649.jpg,True
187,adult,male,659.jpg,False
188,adult,male,664.jpg,False
189,adult,male,665.jpg,True
190,adult,male,669.jpg,False
191,adult,male,670.jpg,False
192,adult,male,675.jpg,False
193,adult,male,676.jpg,False
194,adult,male,682.jpg,False
195,adult,male,69.jpg,False
196,adult,male,694.jpg,False
197,adult,male,698.jpg,True
198,adult,male,711.jpg,False
199,adult,male,716.jpg,False
200,adult,male,731.jpg,False
201,adult,male,736.jpg,False
202,adult,male,742.jpg,False
203,adult,male,749.jpg,False
204,adult,male,750.jpg,False
205,adult,male,758.jpg,False
206,adult,male,766.jpg,False
207,adult,male,767.jpg,False
208,adult,male,769.jpg,False
209,adult,male,773.jpg,False
210,adult,male,776.jpg,False
211,adult,male,777.jpg,True
212,adult,male,778.jpg,False
213,adult,male,788.jpg,False
214,adult,male,799.jpg,False
215,adult,male,801.jpg,False
216,adult,male,810.jpg,True
217,adult,male,813.jpg,False
218,adult,male,815.jpg,False
219,adult,male,816.jpg,False
220,adult,male,819.jpg,False
221,adult,male,83.jpg,True
222,adult,male,830.jpg,False
223,adult,male,832.jpg,False
224,adult,male,836.jpg,True
225,adult,male,844.jpg,False
226,adult,male,85.jpg,False
227,adult,male,850.jpg,False
228,adult,male,86.jpg,False
229,adult,male,863.jpg,False
230,adult,male,877.jpg,False
231,adult,male,878.jpg,True
232,adult,male,879.jpg,False
233,adult,male,880.jpg,False
234,adult,male,897.jpg,False
235,adult,male,922.jpg,False
236,adult,male,940.jpg,True
237,adult,male,941.jpg,True
238,adult,male,960.jpg,False
239,adult,male,962.jpg,False
240,adult,male,981.jpg,True
241,adult,male,982.jpg,False
242,adult,male,99.jpg,False
243,adult,male,991.jpg,False
244,adult,male,996.jpg,False
245,adult,female,1004.jpg,False
246,adult,female,1006.jpg,True
247,adult,female,1007.jpg,False
248,adult,female,1008.jpg,False
249,adult,female,1012.jpg,False
250,adult,female,1013.jpg,True
251,adult,female,1027.jpg,False
252,adult,female,1030.jpg,True
253,adult,female,1047.jpg,False
254,adult,female,1052.jpg,False
255,adult,female,1058.jpg,False
256,adult,female,106.jpg,False
257,adult,female,1062.jpg,True
258,adult,female,1065.jpg,True
259,adult,female,1066.jpg,True
260,adult,female,1069.jpg,False
261,adult,female,1079.jpg,True
262,adult,female,1082.jpg,False
263,adult,female,1083.jpg,False
264,adult,female,1086.jpg,False
265,adult,female,1093.jpg,False
266,adult,female,110.jpg,False
267,adult,female,1100.jpg,False
268,adult,female,1112.jpg,False
269,adult,female,1125.jpg,False
270,adult,female,1137.jpg,False
271,adult,female,1161.jpg,False
272,adult,female,1170.jpg,True
273,adult,female,1173.jpg,False
274,adult,female,1186.jpg,False
275,adult,female,1208.jpg,False
276,adult,female,128.jpg,False
277,adult,female,138.jpg,False
278,adult,female,141.jpg,False
279,adult,female,142.jpg,False
280,adult,female,144.jpg,False
281,adult,female,152.jpg,True
282,adult,female,161.jpg,False
283,adult,female,164.jpg,True
284,adult,female,166.jpg,False
285,adult,female,169.jpg,False
286,adult,female,179.jpg,False
287,adult,female,192.jpg,False
288,adult,female,196.jpg,True
289,adult,female,213.jpg,False
290,adult,female,215.jpg,False
291,adult,female,217.jpg,False
292,adult,female,238.jpg,False
293,adult,female,281.jpg,False
294,adult,female,287.jpg,False
295,adult,female,291.jpg,False
296,adult,female,307.jpg,False
297,adult,female,308.jpg,False
298,adult,female,321.jpg,False
299,adult,female,322.jpg,False
300,adult,female,324.jpg,False
301,adult,female,325.jpg,False
302,adult,female,331.jpg,False
303,adult,female,345.jpg,True
304,adult,female,346.jpg,False
305,adult,female,35.jpg,False
306,adult,female,350.jpg,True
307,adult,female,355.jpg,False
308,adult,female,358.jpg,False
309,adult,female,360.jpg,True
310,adult,female,364.jpg,False
311,adult,female,372.jpg,False
312,adult,female,388.jpg,False
313,adult,female,393.jpg,True
314,adult,female,399.jpg,True
315,adult,female,401.jpg,False
316,adult,female,402.jpg,False
317,adult,female,405.jpg,True
318,adult,female,406.jpg,False
319,adult,female,408.jpg,True
320,adult,female,425.jpg,True
321,adult,female,442.jpg,False
322,adult,female,447.jpg,False
323,adult,female,453.jpg,False
324,adult,female,457.jpg,True
325,adult,female,460.jpg,False
326,adult,female,464.jpg,False
327,adult,female,47.jpg,False
328,adult,female,477.jpg,False
329,adult,female,478.jpg,False
330,adult,female,481.jpg,False
331,adult,female,488.jpg,True
332,adult,female,507.jpg,True
333,adult,female,520.jpg,False
334,adult,female,53.jpg,False
335,adult,female,532.jpg,False
336,adult,female,540.jpg,False
337,adult,female,556.jpg,False
338,adult,female,565.jpg,True
339,adult,female,568.jpg,False
340,adult,female,581.jpg,False
341,adult,female,586.jpg,False
342,adult,female,60.jpg,False
343,adult,female,603.jpg,False
344,adult,female,609.jpg,True
345,adult,female,610.jpg,False
346,adult,female,640.jpg,False
347,adult,female,643.jpg,True
348,adult,female,652.jpg,False
349,adult,female,658.jpg,True
350,adult,female,66.jpg,False
351,adult,female,67.jpg,False
352,adult,female,670.jpg,False
353,adult,female,671.jpg,False
354,adult,female,672.jpg,False
355,adult,female,675.jpg,False
356,adult,female,686.jpg,True
357,adult,female,687.jpg,True
358,adult,female,70.jpg,False
359,adult,female,705.jpg,False
360,adult,female,711.jpg,False
361,adult,female,715.jpg,False
362,adult,female,733.jpg,False
363,adult,female,743.jpg,False
364,adult,female,746.jpg,False
365,adult,female,747.jpg,False
366,adult,female,764.jpg,True
367,adult,female,766.jpg,False
368,adult,female,771.jpg,False
369,adult,female,774.jpg,False
370,adult,female,784.jpg,False
371,adult,female,786.jpg,False
372,adult,female,792.jpg,False
373,adult,female,797.jpg,False
374,adult,female,81.jpg,True
375,adult,female,818.jpg,False
376,adult,female,82.jpg,True
377,adult,female,820.jpg,True
378,adult,female,822.jpg,False
379,adult,female,843.jpg,False
380,adult,female,886.jpg,False
381,adult,female,892.jpg,False
382,adult,female,896.jpg,False
383,adult,female,912.jpg,False
384,adult,female,913.jpg,False
385,adult,female,926.jpg,False
386,adult,female,927.jpg,False
387,adult,female,928.jpg,False
388,adult,female,929.jpg,True
389,adult,female,936.jpg,False
390,adult,female,950.jpg,True
391,adult,female,951.jpg,False
392,adult,female,955.jpg,True
393,adult,female,960.jpg,False
394,adult,female,963.jpg,False
395,adult,female,965.jpg,False
396,adult,female,969.jpg,False
397,adult,female,977.jpg,False
398,adult,female,993.jpg,False
399,adult,female,998.jpg,False
400,child,male,106.jpg,False
401,child,male,132.jpg,False
402,child,male,145.jpg,False
403,child,male,149.jpg,True
404,child,male,152.jpg,False
405,child,male,155.jpg,False
406,child,male,165.jpg,False
407,child,male,17.jpg,False
408,child,male,171.jpg,True
409,child,male,176.jpg,False
410,child,male,179.jpg,False
411,child,male,183.jpg,False
412,child,male,188.jpg,False
413,child,male,190.jpg,True
414,child,male,192.jpg,False
415,child,male,195.jpg,False
416,child,male,197.jpg,False
417,child,male,204.jpg,False
418,child,male,211.jpg,True
419,child,male,213.jpg,False
420,child,male,215.jpg,False
421,child,male,217.jpg,True
422,child,male,218.jpg,False
423,child,male,219.jpg,True
424,child,male,226.jpg,False
425,child,male,236.jpg,False
426,child,male,24.jpg,False
427,child,male,243.jpg,True
428,child,male,246.jpg,False
429,child,male,247.jpg,False
430,child,male,248.jpg,False
431,child,male,252.jpg,False
432,child,male,261.jpg,False
433,child,male,265.jpg,False
434,child,male,277.jpg,False
435,child,male,284.jpg,False
436,child,male,289.jpg,False
437,child,male,290.jpg,False
438,child,male,294.jpg,True
439,child,male,295.jpg,True
440,child,male,30.jpg,False
441,child,male,305.jpg,False
442,child,male,312.jpg,False
443,child,male,321.jpg,False
444,child,male,332.jpg,False
445,child,male,333.jpg,False
446,child,male,342.jpg,False
447,child,male,349.jpg,False
448,child,male,354.jpg,False
449,child,male,355.jpg,True
450,child,male,356.jpg,False
451,child,male,363.jpg,True
452,child,male,367.jpg,True
453,child,male,38.jpg,True
454,child,male,385.jpg,False
455,child,male,396.jpg,False
456,child,male,398.jpg,True
457,child,male,401.jpg,False
458,child,male,413.jpg,False
459,child,male,415.jpg,False
460,child,male,42.jpg,True
461,child,male,420.jpg,False
462,child,male,430.jpg,False
463,child,male,431.jpg,False
464,child,male,457.jpg,False
465,child,male,470.jpg,False
466,child,male,474.jpg,True
467,child,male,496.jpg,False
468,child,male,497.jpg,False
469,child,male,504.jpg,False
470,child,male,508.jpg,False
471,child,male,513.jpg,False
472,child,male,517.jpg,True
473,child,male,518.jpg,True
474,child,male,522.jpg,False
475,child,male,529.jpg,True
476,child,male,536.jpg,False
477,child,male,538.jpg,False
478,child,male,540.jpg,False
479,child,male,542.jpg,False
480,child,male,543.jpg,False
481,child,male,551.jpg,False
482,child,male,561.jpg,False
483,child,male,571.jpg,False
484,child,male,572.jpg,False
485,child,male,573.jpg,False
486,child,male,577.jpg,False
487,child,male,586.jpg,False
488,child,male,589.jpg,True
489,child,male,60.jpg,False
490,child,male,602.jpg,True
491,child,male,614.jpg,False
492,child,male,615.jpg,False
493,child,male,620.jpg,True
494,child,male,630.jpg,False
495,child,male,637.jpg,False
496,child,male,64.jpg,False
497,child,male,642.jpg,False
498,child,male,7.jpg,False
499,child,male,71.jpg,False
500,child,male,72.jpg,False
501,child,male,73.jpg,False
502,child,male,76.jpg,False
503,child,male,90.jpg,True
504,child,female,101.jpg,True
505,child,female,115.jpg,False
506,child,female,119.jpg,False
507,child,female,129.jpg,False
508,child,female,133.jpg,False
509,child,female,135.jpg,False
510,child,female,147.jpg,False
511,child,female,148.jpg,True
512,child,female,15.jpg,True
513,child,female,163.jpg,False
514,child,female,167.jpg,True
515,child,female,169.jpg,False
516,child,female,178.jpg,False
517,child,female,203.jpg,False
518,child,female,224.jpg,False
519,child,female,237.jpg,True
520,child,female,238.jpg,True
521,child,female,247.jpg,False
522,child,female,260.jpg,False
523,child,female,27.jpg,True
524,child,female,270.jpg,False
525,child,female,28.jpg,False
526,child,female,290.jpg,False
527,child,female,295.jpg,False
528,child,female,3.jpg,True
529,child,female,314.jpg,False
530,child,female,315.jpg,False
531,child,female,32.jpg,False
532,child,female,339.jpg,False
533,child,female,342.jpg,False
534,child,female,348.jpg,False
535,child,female,36.jpg,False
536,child,female,364.jpg,False
537,child,female,365.jpg,True
538,child,female,373.jpg,False
539,child,female,381.jpg,False
540,child,female,384.jpg,False
541,child,female,385.jpg,True
542,child,female,392.jpg,False
543,child,female,402.jpg,True
544,child,female,403.jpg,True
545,child,female,412.jpg,False
546,child,female,415.jpg,False
547,child,female,423.jpg,False
548,child,female,438.jpg,False
549,child,female,454.jpg,False
550,child,female,456.jpg,False
551,child,female,459.jpg,False
552,child,female,460.jpg,True
553,child,female,466.jpg,False
554,child,female,467.jpg,False
555,child,female,468.jpg,True
556,child,female,479.jpg,True
557,child,female,484.jpg,False
558,child,female,486.jpg,False
559,child,female,488.jpg,False
560,child,female,492.jpg,True
561,child,female,498.jpg,False
562,child,female,5.jpg,False
563,child,female,502.jpg,False
564,child,female,520.jpg,False
565,child,female,522.jpg,False
566,child,female,534.jpg,False
567,child,female,546.jpg,True
568,child,female,549.jpg,False
569,child,female,550.jpg,False
570,child,female,555.jpg,False
571,child,female,556.jpg,False
572,child,female,563.jpg,False
573,child,female,565.jpg,False
574,child,female,571.jpg,True
575,child,female,590.jpg,False
576,child,female,624.jpg,True
577,child,female,634.jpg,False
578,child,female,647.jpg,False
579,child,female,657.jpg,False
580,child,female,664.jpg,False
581,child,female,677.jpg,False
582,child,female,682.jpg,False
583,child,female,70.jpg,False
584,child,female,701.jpg,False
585,child,female,702.jpg,False
586,child,female,707.jpg,True
587,child,female,72.jpg,False
588,child,female,726.jpg,False
589,child,female,729.jpg,False
590,child,female,733.jpg,True
591,child,female,735.jpg,False
592,child,female,751.jpg,False
593,child,female,752.jpg,True
594,child,female,760.jpg,False
595,child,female,771.jpg,False
596,child,female,772.jpg,True
597,child,female,79.jpg,False
598,child,female,80.jpg,False
599,child,female,92.jpg,False
600,child,female,97.jpg,False
601,child,female,99.jpg,True
602,elder,male,0.jpg,False
603,elder,male,101.jpg,False
604,elder,male,110.jpg,False
605,elder,male,113.jpg,False
606,elder,male,116.jpg,False
607,elder,male,117.jpg,True
608,elder,male,121.jpg,False
609,elder,male,123.jpg,False
610,elder,male,128.jpg,True
611,elder,male,130.jpg,False
612,elder,male,142.jpg,False
613,elder,male,144.jpg,False
614,elder,male,146.jpg,False
615,elder,male,15.jpg,True
616,elder,male,151.jpg,True
617,elder,male,152.jpg,False
618,elder,male,153.jpg,False
619,elder,male,162.jpg,False
620,elder,male,164.jpg,True
621,elder,male,186.jpg,False
622,elder,male,187.jpg,True
623,elder,male,190.jpg,False
624,elder,male,194.jpg,False
625,elder,male,196.jpg,True
626,elder,male,198.jpg,False
627,elder,male,199.jpg,False
628,elder,male,205.jpg,False
629,elder,male,206.jpg,True
630,elder,male,207.jpg,False
631,elder,male,209.jpg,False
632,elder,male,217.jpg,True
633,elder,male,22.jpg,False
634,elder,male,226.jpg,True
635,elder,male,23.jpg,True
636,elder,male,236.jpg,True
637,elder,male,241.jpg,False
638,elder,male,244.jpg,False
639,elder,male,255.jpg,False
640,elder,male,257.jpg,False
641,elder,male,258.jpg,False
642,elder,male,259.jpg,False
643,elder,male,261.jpg,False
644,elder,male,262.jpg,False
645,elder,male,266.jpg,False
646,elder,male,274.jpg,False
647,elder,male,275.jpg,True
648,elder,male,28.jpg,False
649,elder,male,280.jpg,False
650,elder,male,281.jpg,False
651,elder,male,284.jpg,True
652,elder,male,289.jpg,False
653,elder,male,291.jpg,False
654,elder,male,293.jpg,False
655,elder,male,297.jpg,False
656,elder,male,299.jpg,True
657,elder,male,302.jpg,False
658,elder,male,309.jpg,False
659,elder,male,310.jpg,True
660,elder,male,316.jpg,True
661,elder,male,327.jpg,False
662,elder,male,332.jpg,False
663,elder,male,340.jpg,True
664,elder,male,343.jpg,False
665,elder,male,350.jpg,False
666,elder,male,351.jpg,False
667,elder,male,352.jpg,False
668,elder,male,353.jpg,True
669,elder,male,363.jpg,False
670,elder,male,37.jpg,False
671,elder,male,372.jpg,False
672,elder,male,373.jpg,True
673,elder,male,374.jpg,True
674,elder,male,382.jpg,False
675,elder,male,390.jpg,False
676,elder,male,4.jpg,False
677,elder,male,401.jpg,True
678,elder,male,402.jpg,False
679,elder,male,407.jpg,False
680,elder,male,417.jpg,False
681,elder,male,420.jpg,False
682,elder,male,426.jpg,False
683,elder,male,427.jpg,False
684,elder,male,429.jpg,False
685,elder,male,433.jpg,False
686,elder,male,439.jpg,False
687,elder,male,443.jpg,False
688,elder,male,444.jpg,False
689,elder,male,445.jpg,False
690,elder,male,462.jpg,True
691,elder,male,467.jpg,False
692,elder,male,476.jpg,False
693,elder,male,48.jpg,False
694,elder,male,487.jpg,False
695,elder,male,491.jpg,False
696,elder,male,5.jpg,False
697,elder,male,505.jpg,True
698,elder,male,508.jpg,True
699,elder,male,52.jpg,False
700,elder,male,526.jpg,False
701,elder,male,531.jpg,False
702,elder,male,538.jpg,False
703,elder,male,540.jpg,False
704,elder,male,549.jpg,False
705,elder,male,551.jpg,False
706,elder,male,552.jpg,False
707,elder,male,555.jpg,False
708,elder,male,556.jpg,True
709,elder,male,560.jpg,False
710,elder,male,562.jpg,False
711,elder,male,581.jpg,False
712,elder,male,583.jpg,False
713,elder,male,585.jpg,False
714,elder,male,590.jpg,False
715,elder,male,591.jpg,False
716,elder,male,593.jpg,True
717,elder,male,6.jpg,False
718,elder,male,601.jpg,False
719,elder,male,603.jpg,True
720,elder,male,610.jpg,False
721,elder,male,615.jpg,False
722,elder,male,625.jpg,False
723,elder,male,626.jpg,False
724,elder,male,629.jpg,False
725,elder,male,633.jpg,False
726,elder,male,638.jpg,False
727,elder,male,643.jpg,False
728,elder,male,644.jpg,False
729,elder,male,645.jpg,False
730,elder,male,646.jpg,False
731,elder,male,648.jpg,False
732,elder,male,663.jpg,True
733,elder,male,667.jpg,True
734,elder,male,675.jpg,False
735,elder,male,676.jpg,True
736,elder,male,680.jpg,False
737,elder,male,683.jpg,False
738,elder,male,689.jpg,False
739,elder,male,694.jpg,False
740,elder,male,695.jpg,True
741,elder,male,697.jpg,False
742,elder,male,700.jpg,True
743,elder,male,701.jpg,False
744,elder,male,705.jpg,False
745,elder,male,706.jpg,False
746,elder,male,713.jpg,False
747,elder,male,719.jpg,False
748,elder,male,720.jpg,True
749,elder,male,728.jpg,False
750,elder,male,730.jpg,False
751,elder,male,732.jpg,False
752,elder,male,734.jpg,False
753,elder,male,736.jpg,True
754,elder,male,741.jpg,False
755,elder,male,747.jpg,True
756,elder,male,748.jpg,False
757,elder,male,766.jpg,True
758,elder,male,771.jpg,True
759,elder,male,782.jpg,False
760,elder,male,789.jpg,False
761,elder,male,791.jpg,False
762,elder,male,802.jpg,False
763,elder,male,808.jpg,True
764,elder,male,81.jpg,False
765,elder,male,811.jpg,False
766,elder,male,812.jpg,True
767,elder,male,813.jpg,True
768,elder,male,819.jpg,False
769,elder,male,821.jpg,False
770,elder,male,825.jpg,False
771,elder,male,829.jpg,False
772,elder,male,841.jpg,True
773,elder,male,846.jpg,False
774,elder,male,856.jpg,False
775,elder,male,858.jpg,False
776,elder,male,859.jpg,False
777,elder,male,86.jpg,False
778,elder,male,863.jpg,False
779,elder,male,866.jpg,False
780,elder,male,868.jpg,False
781,elder,male,87.jpg,False
782,elder,male,92.jpg,False
783,elder,male,99.jpg,False
784,elder,female,102.jpg,False
785,elder,female,109.jpg,False
786,elder,female,110.jpg,False
787,elder,female,118.jpg,True
788,elder,female,13.jpg,False
789,elder,female,135.jpg,False
790,elder,female,137.jpg,True
791,elder,female,144.jpg,True
792,elder,female,145.jpg,False
793,elder,female,166.jpg,True
794,elder,female,170.jpg,False
795,elder,female,175.jpg,True
796,elder,female,18.jpg,False
797,elder,female,182.jpg,True
798,elder,female,183.jpg,True
799,elder,female,186.jpg,False
800,elder,female,195.jpg,False
801,elder,female,201.jpg,False
802,elder,female,202.jpg,True
803,elder,female,208.jpg,False
804,elder,female,21.jpg,True
805,elder,female,211.jpg,True
806,elder,female,213.jpg,True
807,elder,female,217.jpg,True
808,elder,female,224.jpg,False
809,elder,female,233.jpg,False
810,elder,female,239.jpg,False
811,elder,female,242.jpg,True
812,elder,female,244.jpg,False
813,elder,female,247.jpg,True
814,elder,female,268.jpg,False
815,elder,female,271.jpg,False
816,elder,female,287.jpg,False
817,elder,female,290.jpg,True
818,elder,female,297.jpg,False
819,elder,female,314.jpg,False
820,elder,female,316.jpg,True
821,elder,female,328.jpg,True
822,elder,female,335.jpg,True
823,elder,female,336.jpg,False
824,elder,female,338.jpg,False
825,elder,female,344.jpg,True
826,elder,female,361.jpg,False
827,elder,female,363.jpg,True
828,elder,female,371.jpg,False
829,elder,female,373.jpg,True
830,elder,female,385.jpg,False
831,elder,female,396.jpg,False
832,elder,female,401.jpg,True
833,elder,female,409.jpg,True
834,elder,female,41.jpg,True
835,elder,female,412.jpg,False
836,elder,female,413.jpg,True
837,elder,female,420.jpg,True
838,elder,female,421.jpg,False
839,elder,female,427.jpg,False
840,elder,female,439.jpg,False
841,elder,female,443.jpg,True
842,elder,female,450.jpg,False
843,elder,female,61.jpg,False
844,elder,female,63.jpg,False
845,elder,female,68.jpg,True
846,elder,female,7.jpg,False
847,elder,female,85.jpg,True
848,elder,female,88.jpg,False
849,elder,female,90.jpg,True
850,young,male,112.jpg,True
851,young,male,119.jpg,False
852,young,male,121.jpg,False
853,young,male,126.jpg,False
854,young,male,131.jpg,False
855,young,male,135.jpg,False
856,young,male,143.jpg,True
857,young,male,145.jpg,False
858,young,male,147.jpg,False
859,young,male,154.jpg,False
860,young,male,160.jpg,False
861,young,male,164.jpg,False
862,young,male,169.jpg,False
863,young,male,182.jpg,False
864,young,male,185.jpg,False
865,young,male,199.jpg,False
866,young,male,204.jpg,False
867,young,male,206.jpg,False
868,young,male,209.jpg,False
869,young,male,219.jpg,False
870,young,male,22.jpg,False
871,young,male,23.jpg,False
872,young,male,232.jpg,False
873,young,male,236.jpg,True
874,young,male,241.jpg,False
875,young,male,242.jpg,True
876,young,male,249.jpg,False
877,young,male,252.jpg,False
878,young,male,267.jpg,False
879,young,male,269.jpg,False
880,young,male,285.jpg,False
881,young,male,29.jpg,True
882,young,male,291.jpg,True
883,young,male,297.jpg,False
884,young,male,30.jpg,False
885,young,male,32.jpg,False
886,young,male,324.jpg,True
887,young,male,326.jpg,False
888,young,male,328.jpg,False
889,young,male,332.jpg,False
890,young,male,335.jpg,False
891,young,male,34.jpg,False
892,young,male,341.jpg,False
893,young,male,343.jpg,False
894,young,male,35.jpg,False
895,young,male,352.jpg,False
896,young,male,360.jpg,False
897,young,male,361.jpg,False
898,young,male,385.jpg,False
899,young,male,395.jpg,False
900,young,male,404.jpg,False
901,young,male,41.jpg,False
902,young,male,421.jpg,False
903,young,male,425.jpg,False
904,young,male,430.jpg,False
905,young,male,433.jpg,True
906,young,male,437.jpg,False
907,young,male,438.jpg,False
908,young,male,444.jpg,False
909,young,male,447.jpg,False
910,young,male,449.jpg,False
911,young,male,450.jpg,False
912,young,male,456.jpg,False
913,young,male,464.jpg,False
914,young,male,465.jpg,False
915,young,male,466.jpg,True
916,young,male,475.jpg,False
917,young,male,49.jpg,False
918,young,male,495.jpg,False
919,young,male,497.jpg,False
920,young,male,50.jpg,False
921,young,male,503.jpg,False
922,young,male,509.jpg,False
923,young,male,510.jpg,False
924,young,male,527.jpg,True
925,young,male,534.jpg,False
926,young,male,536.jpg,True
927,young,male,541.jpg,False
928,young,male,546.jpg,False
929,young,male,550.jpg,True
930,young,male,560.jpg,False
931,young,male,569.jpg,False
932,young,male,571.jpg,False
933,young,male,575.jpg,False
934,young,male,579.jpg,False
935,young,male,584.jpg,False
936,young,male,589.jpg,False
937,young,male,597.jpg,False
938,young,male,6.jpg,False
939,young,male,60.jpg,False
940,young,male,614.jpg,False
941,young,male,619.jpg,False
942,young,male,621.jpg,False
943,young,male,626.jpg,True
944,young,male,634.jpg,False
945,young,male,644.jpg,False
946,young,male,647.jpg,False
947,young,male,650.jpg,False
948,young,male,651.jpg,False
949,young,male,656.jpg,False
950,young,male,657.jpg,True
951,young,male,662.jpg,False
952,young,male,663.jpg,True
953,young,male,664.jpg,False
954,young,male,678.jpg,False
955,young,male,682.jpg,False
956,young,male,684.jpg,False
957,young,male,688.jpg,False
958,young,male,692.jpg,True
959,young,male,700.jpg,False
960,young,male,706.jpg,True
961,young,male,712.jpg,False
962,young,male,729.jpg,False
963,young,male,739.jpg,True
964,young,male,740.jpg,False
965,young,male,741.jpg,False
966,young,male,743.jpg,False
967,young,male,747.jpg,False
968,young,male,750.jpg,True
969,young,male,753.jpg,True
970,young,male,756.jpg,False
971,young,male,758.jpg,False
972,young,male,763.jpg,False
973,young,male,767.jpg,False
974,young,male,780.jpg,False
975,young,male,798.jpg,True
976,young,male,80.jpg,False
977,young,male,810.jpg,False
978,young,male,819.jpg,False
979,young,male,82.jpg,False
980,young,male,88.jpg,False
981,young,male,9.jpg,False
982,young,male,95.jpg,True
983,young,female,104.jpg,True
984,young,female,110.jpg,False
985,young,female,112.jpg,True
986,young,female,113.jpg,False
987,young,female,116.jpg,False
988,young,female,120.jpg,False
989,young,female,123.jpg,False
990,young,female,125.jpg,False
991,young,female,128.jpg,False
992,young,female,13.jpg,False
993,young,female,134.jpg,False
994,young,female,137.jpg,False
995,young,female,138.jpg,False
996,young,female,149.jpg,False
997,young,female,150.jpg,False
998,young,female,152.jpg,False
999,young,female,158.jpg,False
1000,young,female,162.jpg,False
1001,young,female,168.jpg,True
1002,young,female,169.jpg,False
1003,young,female,170.jpg,True
1004,young,female,173.jpg,False
1005,young,female,181.jpg,False
1006,young,female,182.jpg,False
1007,young,female,184.jpg,False
1008,young,female,185.jpg,False
1009,young,female,186.jpg,False
1010,young,female,193.jpg,False
1011,young,female,197.jpg,False
1012,young,female,202.jpg,False
1013,young,female,204.jpg,False
1014,young,female,205.jpg,False
1015,young,female,207.jpg,False
1016,young,female,208.jpg,False
1017,young,female,211.jpg,False
1018,young,female,219.jpg,False
1019,young,female,220.jpg,True
1020,young,female,222.jpg,False
1021,young,female,223.jpg,False
1022,young,female,230.jpg,False
1023,young,female,231.jpg,False
1024,young,female,236.jpg,False
1025,young,female,237.jpg,False
1026,young,female,24.jpg,False
1027,young,female,241.jpg,False
1028,young,female,249.jpg,False
1029,young,female,250.jpg,False
1030,young,female,251.jpg,False
1031,young,female,253.jpg,False
1032,young,female,256.jpg,False
1033,young,female,257.jpg,False
1034,young,female,259.jpg,True
1035,young,female,261.jpg,False
1036,young,female,262.jpg,False
1037,young,female,269.jpg,False
1038,young,female,276.jpg,False
1039,young,female,281.jpg,False
1040,young,female,307.jpg,False
1041,young,female,309.jpg,True
1042,young,female,310.jpg,False
1043,young,female,316.jpg,True
1044,young,female,318.jpg,False
1045,young,female,321.jpg,False
1046,young,female,322.jpg,False
1047,young,female,328.jpg,False
1048,young,female,329.jpg,False
1049,young,female,342.jpg,False
1050,young,female,351.jpg,False
1051,young,female,354.jpg,False
1052,young,female,358.jpg,False
1053,young,female,361.jpg,False
1054,young,female,363.jpg,False
1055,young,female,364.jpg,True
1056,young,female,376.jpg,False
1057,young,female,377.jpg,False
1058,young,female,378.jpg,False
1059,young,female,384.jpg,False
1060,young,female,389.jpg,False
1061,young,female,392.jpg,False
1062,young,female,394.jpg,False
1063,young,female,396.jpg,True
1064,young,female,400.jpg,False
1065,young,female,403.jpg,False
1066,young,female,405.jpg,True
1067,young,female,406.jpg,True
1068,young,female,412.jpg,False
1069,young,female,416.jpg,False
1070,young,female,417.jpg,False
1071,young,female,419.jpg,True
1072,young,female,420.jpg,False
1073,young,female,422.jpg,False
1074,young,female,427.jpg,False
1075,young,female,432.jpg,False
1076,young,female,439.jpg,True
1077,young,female,443.jpg,True
1078,young,female,445.jpg,False
1079,young,female,447.jpg,False
1080,young,female,452.jpg,False
1081,young,female,458.jpg,False
1082,young,female,477.jpg,False
1083,young,female,485.jpg,True
1084,young,female,490.jpg,False
1085,young,female,514.jpg,False
1086,young,female,525.jpg,False
1087,young,female,55.jpg,True
1088,young,female,556.jpg,True
1089,young,female,557.jpg,False
1090,young,female,559.jpg,True
1091,young,female,56.jpg,False
1092,young,female,561.jpg,False
1093,young,female,563.jpg,False
1094,young,female,567.jpg,True
1095,young,female,574.jpg,False
1096,young,female,577.jpg,False
1097,young,female,58.jpg,False
1098,young,female,583.jpg,False
1099,young,female,584.jpg,False
1100,young,female,589.jpg,False
1101,young,female,593.jpg,False
1102,young,female,595.jpg,True
1103,young,female,598.jpg,True
1104,young,female,6.jpg,False
1105,young,female,60.jpg,True
1106,young,female,605.jpg,False
1107,young,female,614.jpg,False
1108,young,female,617.jpg,False
1109,young,female,621.jpg,False
1110,young,female,624.jpg,False
1111,young,female,626.jpg,False
1112,young,female,629.jpg,False
1113,young,female,632.jpg,False
1114,young,female,635.jpg,False
1115,young,female,637.jpg,False
1116,young,female,638.jpg,False
1117,young,female,639.jpg,False
1118,young,female,649.jpg,True
1119,young,female,650.jpg,False
1120,young,female,651.jpg,False
1121,young,female,653.jpg,False
1122,young,female,655.jpg,False
1123,young,female,659.jpg,False
1124,young,female,663.jpg,False
1125,young,female,671.jpg,True
1126,young,female,674.jpg,False
1127,young,female,682.jpg,False
1128,young,female,683.jpg,False
1129,young,female,685.jpg,False
1130,young,female,686.jpg,False
1131,young,female,687.jpg,False
1132,young,female,694.jpg,False
1133,young,female,698.jpg,False
1134,young,female,705.jpg,False
1135,young,female,708.jpg,False
1136,young,female,709.jpg,False
1137,young,female,712.jpg,False
1138,young,female,717.jpg,True
1139,young,female,720.jpg,False
1140,young,female,721.jpg,True
1141,young,female,723.jpg,False
1142,young,female,724.jpg,False
1143,young,female,73.jpg,False
1144,young,female,731.jpg,False
1145,young,female,732.jpg,False
1146,young,female,737.jpg,False
1147,young,female,738.jpg,False
1148,young,female,739.jpg,False
1149,young,female,742.jpg,False
1150,young,female,750.jpg,False
1151,young,female,751.jpg,False
1152,young,female,752.jpg,False
1153,young,female,754.jpg,False
1154,young,female,757.jpg,False
1155,young,female,758.jpg,False
1156,young,female,76.jpg,False
1157,young,female,760.jpg,True
1158,young,female,762.jpg,False
1159,young,female,763.jpg,False
1160,young,female,770.jpg,False
1161,young,female,782.jpg,False
1162,young,female,788.jpg,False
1163,young,female,799.jpg,False
1164,young,female,804.jpg,False
1165,young,female,808.jpg,False
1166,young,female,810.jpg,False
1167,young,female,811.jpg,False
1168,young,female,817.jpg,False
1169,young,female,819.jpg,False
1170,young,female,82.jpg,False
1171,young,female,822.jpg,False
1172,young,female,823.jpg,False
1173,young,female,827.jpg,False
1174,young,female,829.jpg,False
1175,young,female,830.jpg,False
1176,young,female,832.jpg,False
1177,young,female,838.jpg,False
1178,young,female,843.jpg,False
1179,young,female,848.jpg,True
1180,young,female,852.jpg,False
1181,young,female,853.jpg,False
1182,young,female,859.jpg,False
1183,young,female,864.jpg,False
1184,young,female,865.jpg,False
1185,young,female,872.jpg,True
1186,young,female,877.jpg,False
1187,young,female,878.jpg,False
1188,young,female,879.jpg,False
1189,young,female,885.jpg,False
1190,young,female,890.jpg,False
1191,young,female,893.jpg,False
1192,young,female,897.jpg,True
1193,young,female,901.jpg,True
1194,young,female,906.jpg,True
1195,young,female,913.jpg,False
1196,young,female,917.jpg,False
1197,young,female,919.jpg,True
1198,young,female,92.jpg,True
1199,young,female,920.jpg,False
1200,young,female,921.jpg,False
1201,young,female,928.jpg,False
1202,young,female,933.jpg,False
1203,young,female,938.jpg,True
1204,young,female,940.jpg,True
1205,young,female,946.jpg,False
1206,young,female,948.jpg,False
1207,young,female,953.jpg,False
1208,young,female,959.jpg,False
1209,young,female,962.jpg,True
1210,young,female,965.jpg,False
1211,young,female,986.jpg,True
1212,young,female,991.jpg,False
